{"H": [9.800000000000011], "W": [32.39999999999998], "X": [15.300000000000011], "Y": [25.549999999999997], "IsValid": [1]}