{"H": [10.0], "W": [32.60000000000002], "X": [67.54999999999998], "Y": [27.400000000000006], "IsValid": [1]}